,Average Absolute Error,Average Squared Error,RMSE
Naive,0.22517685831081913,0.10679536462768678,0.3267956006859437
LinearReg,0.18910287943172327,0.07417220728879206,0.2723457495331845
RandomForest,0.1800838130671165,0.07467794931676261,0.2732726647814644
